{
  "distribution": {
    "15m": {
      "0": 95479,
      "1": 181353,
      "2": 91088
    },
    "1d": {
      "0": 980,
      "1": 1915,
      "2": 937
    },
    "4h": {
      "0": 5964,
      "1": 11341,
      "2": 5690
    }
  },
  "class_weights": {
    "15m": {
      "0": 1.2844709307805906,
      "1": 0.6762501861011397,
      "2": 1.3463903038819602
    },
    "1d": {
      "0": 1.3034013605442176,
      "1": 0.6670147954743255,
      "2": 1.3632159373888295
    },
    "4h": {
      "0": 1.2852112676056338,
      "1": 0.6758663257208359,
      "2": 1.3471001757469245
    }
  }
}