{
  "avg_train_throughput": 186.97763819074285,
  "avg_val_throughput": 447.396047188065,
  "train_throughput_history": [
    194.20954753221451,
    168.27028141091435,
    199.28713321669096,
    173.04380476493884,
    200.27987356504659,
    206.20670697067044,
    205.69502147224435,
    221.55172580075057,
    165.7077672031417,
    117.3095992949573,
    185.26676383691728,
    206.90343322042781
  ],
  "val_throughput_history": [
    300.33649472235595,
    621.2825161316334,
    632.9114229666516,
    586.1924359692133,
    614.2411653329058,
    553.9012313650351,
    580.5807106332894,
    357.9532978395163,
    271.5628314142705,
    439.9426615127569,
    278.5908542281833,
    131.25694414096785
  ],
  "total_training_time": 69.98105049133301,
  "avg_epoch_time": 5.831388632456462,
  "timing_breakdown": {
    "train_data_transfer": [
      0.00027251243591308594,
      0.0002727508544921875,
      0.0002913475036621094,
      0.0003521442413330078,
      0.00028967857360839844,
      0.00027632713317871094,
      0.0002827644348144531,
      0.0002720355987548828,
      0.0004596710205078125,
      0.0002837181091308594,
      0.0002956390380859375,
      0.0002734661102294922
    ],
    "train_forward_pass": [
      1.7682881355285645,
      2.460963487625122,
      1.9634318351745605,
      2.2273004055023193,
      1.7143471240997314,
      1.7104315757751465,
      1.722179651260376,
      1.9582328796386719,
      2.154538631439209,
      2.9427740573883057,
      1.8328795433044434,
      2.0517704486846924
    ],
    "train_backward_pass": [
      2.396881341934204,
      2.712360382080078,
      2.429962635040283,
      2.654059648513794,
      2.6563777923583984,
      2.5511269569396973,
      2.2601635456085205,
      1.9436616897583008,
      3.1906185150146484,
      4.077990293502808,
      2.5840578079223633,
      2.141383171081543
    ],
    "train_optimization": [
      0.4743213653564453,
      0.4026761054992676,
      0.2591524124145508,
      0.5481815338134766,
      0.2651488780975342,
      0.2782583236694336,
      0.5299499034881592,
      0.2645144462585449,
      0.3026115894317627,
      1.0497148036956787,
      0.619647741317749,
      0.2861795425415039
    ]
  },
  "gpu_stats": null
}