{
  "train_loss": [
    0.9466864716622138,
    0.7437416680397526,
    0.7221140476965136,
    0.6964673073061051,
    0.7172083027901188,
    0.6540063177385638,
    0.6229330541626099,
    0.6006149082414566,
    0.5892336339719834,
    0.5778211710914489,
    0.543171557687944,
    0.5357886379764926
  ],
  "train_acc": [
    0.5051229508196722,
    0.48258196721311475,
    0.5276639344262295,
    0.5594262295081968,
    0.5891393442622951,
    0.6342213114754098,
    0.6608606557377049,
    0.6700819672131147,
    0.7120901639344263,
    0.7172131147540983,
    0.7325819672131147,
    0.75
  ],
  "val_loss": [
    0.7719729940096537,
    0.6985410451889038,
    0.7166396776835123,
    0.8219740986824036,
    0.7700890799363455,
    1.1530839999516804,
    1.3326672116915386,
    1.4952711562315624,
    1.6001725246508915,
    1.6881580203771591,
    1.779596636692683,
    2.053848922252655
  ],
  "val_acc": [
    0.5443786982248521,
    0.4970414201183432,
    0.5266272189349113,
    0.5207100591715976,
    0.6035502958579881,
    0.5680473372781065,
    0.6153846153846154,
    0.6035502958579881,
    0.591715976331361,
    0.621301775147929,
    0.6390532544378699,
    0.621301775147929
  ],
  "train_time": [
    5.025499582290649,
    5.800192356109619,
    4.897456169128418,
    5.640190362930298,
    4.873180627822876,
    4.733114719390869,
    4.744888782501221,
    4.405291795730591,
    5.889886856079102,
    8.319864749908447,
    5.2680792808532715,
    4.71717643737793
  ],
  "val_time": [
    0.5627021789550781,
    0.2720179557800293,
    0.26701998710632324,
    0.2883012294769287,
    0.27513623237609863,
    0.30510854721069336,
    0.2910878658294678,
    0.47212862968444824,
    0.622323751449585,
    0.3841409683227539,
    0.6066243648529053,
    1.287550926208496
  ],
  "train_throughput": [
    194.20954753221451,
    168.27028141091435,
    199.28713321669096,
    173.04380476493884,
    200.27987356504659,
    206.20670697067044,
    205.69502147224435,
    221.55172580075057,
    165.7077672031417,
    117.3095992949573,
    185.26676383691728,
    206.90343322042781
  ],
  "val_throughput": [
    300.33649472235595,
    621.2825161316334,
    632.9114229666516,
    586.1924359692133,
    614.2411653329058,
    553.9012313650351,
    580.5807106332894,
    357.9532978395163,
    271.5628314142705,
    439.9426615127569,
    278.5908542281833,
    131.25694414096785
  ]
}